User_Id,Date,Game,Start,End
darkdesire69696969,11/2/2023,Slither,1:45:38,1:45:44
darkdesire69696969,11/2/2023,Slither,1:46:02,1:46:04
darkdesire69696969,11/2/2023,Guess the number,1:45:46,1:45:50
darkdesire69696969,11/2/2023,Guess the number,1:45:51,1:45:55
darkdesire69696969,11/2/2023,FlyBy,1:45:57,1:46:00
darkdesire69696969,11/2/2023,LNS,3:12:59,3:13:08
darkdesire69696969,11/2/2023,Shafty,3:12:37,3:12:52
darkdesire69696969,11/2/2023,IKeyFlex,10:48:05,10:52:02
darkdesire69696969,11/2/2023,Slither,10:12:13,10:15:14
darkdesire69696969,12/2/2023,Slither,1:45:38,1:45:44
darkdesire69696969,12/2/2023,Slither,1:46:02,1:46:04
darkdesire69696969,12/2/2023,Guess the number,1:45:46,1:45:50
darkdesire69696969,12/2/2023,Guess the number,1:45:51,1:45:55
darkdesire69696969,12/2/2023,FlyBy,1:45:57,2:16:00
darkdesire69696969,12/2/2023,LNS,3:12:59,3:13:08
darkdesire69696969,12/2/2023,Shafty,3:12:37,3:12:52
darkdesire69696969,12/2/2023,IKeyFlex,10:48:05,10:52:02
darkdesire69696969,12/2/2023,Slither,10:12:13,10:15:14
darkdesire69696969,13/2/2023,Slither,1:45:38,1:45:44
darkdesire69696969,13/2/2023,Slither,1:46:02,1:46:04
darkdesire69696969,13/2/2023,Guess the number,1:45:46,1:45:50
darkdesire69696969,13/2/2023,Guess the number,1:45:51,1:45:55
darkdesire69696969,13/2/2023,FlyBy,1:45:57,2:36:00
darkdesire69696969,13/2/2023,LNS,3:12:59,3:13:08
darkdesire69696969,13/2/2023,Shafty,3:12:37,3:12:52
darkdesire69696969,13/2/2023,IKeyFlex,10:48:05,10:52:02
darkdesire69696969,13/2/2023,Slither,10:12:13,10:15:14
darkdesire69696969,14/2/2023,Slither,1:45:38,1:45:44
darkdesire69696969,14/2/2023,Slither,1:46:02,1:46:04
darkdesire69696969,14/2/2023,Guess the number,1:45:46,1:45:50
darkdesire69696969,14/2/2023,Guess the number,1:45:51,1:45:55
darkdesire69696969,14/2/2023,FlyBy,1:45:57,2:46:00
darkdesire69696969,14/2/2023,LNS,3:12:59,3:13:08
darkdesire69696969,14/2/2023,Shafty,3:12:37,3:12:52
darkdesire69696969,14/2/2023,IKeyFlex,10:48:05,10:52:02
darkdesire69696969,14/2/2023,Slither,10:12:13,10:15:14
darkdesire69696969,15/2/2023,Slither,1:45:38,1:45:44
darkdesire69696969,15/2/2023,Slither,1:46:02,1:46:04
darkdesire69696969,15/2/2023,Guess the number,1:45:46,1:45:50
darkdesire69696969,15/2/2023,Guess the number,1:45:51,1:45:55
darkdesire69696969,15/2/2023,FlyBy,1:45:57,3:06:00
darkdesire69696969,15/2/2023,LNS,3:12:59,3:13:08
darkdesire69696969,15/2/2023,Shafty,3:12:37,3:12:52
darkdesire69696969,15/2/2023,IKeyFlex,10:48:05,10:52:02
darkdesire69696969,15/2/2023,Slither,10:12:13,10:15:14
darkdesire69696969,16/2/2023,Slither,1:45:38,1:45:44
darkdesire69696969,16/2/2023,Slither,1:46:02,1:46:04
darkdesire69696969,16/2/2023,Guess the number,1:45:46,1:45:50
darkdesire69696969,16/2/2023,Guess the number,1:45:51,1:45:55
darkdesire69696969,16/2/2023,FlyBy,1:45:57,3:16:00
darkdesire69696969,16/2/2023,LNS,3:12:59,3:13:08
darkdesire69696969,16/2/2023,Shafty,3:12:37,3:12:52
darkdesire69696969,16/2/2023,IKeyFlex,10:48:05,10:52:02
darkdesire69696969,16/2/2023,Slither,10:12:13,10:15:14
darkdesire69696969,17/2/2023,Slither,1:45:38,1:45:44
darkdesire69696969,17/2/2023,Slither,1:46:02,1:46:04
darkdesire69696969,17/2/2023,Guess the number,1:45:46,1:45:50
darkdesire69696969,17/2/2023,Guess the number,1:45:51,1:45:55
darkdesire69696969,17/2/2023,FlyBy,1:45:57,3:28:00
darkdesire69696969,17/2/2023,LNS,3:12:59,3:13:08
darkdesire69696969,17/2/2023,Shafty,3:12:37,3:12:52
darkdesire69696969,17/2/2023,IKeyFlex,10:48:05,10:52:02
darkdesire69696969,17/2/2023,Slither,10:12:13,10:15:14
darkdesire69696969,18/2/2023,Slither,1:45:38,1:45:44
darkdesire69696969,18/2/2023,Slither,1:46:02,3:39:04
darkdesire69696969,18/2/2023,Guess the number,1:45:46,1:45:50
darkdesire69696969,18/2/2023,Guess the number,1:45:51,1:45:55
darkdesire69696969,18/2/2023,FlyBy,1:45:57,1:46:00
darkdesire69696969,18/2/2023,LNS,3:12:59,3:13:08
darkdesire69696969,18/2/2023,Shafty,3:12:37,3:12:52
darkdesire69696969,18/2/2023,IKeyFlex,10:48:05,10:52:02
darkdesire69696969,18/2/2023,Slither,10:12:13,10:15:14
darkdesire69696969,19/2/2023,Slither,1:45:38,1:45:44
darkdesire69696969,19/2/2023,Slither,1:46:02,1:46:04
darkdesire69696969,19/2/2023,Guess the number,1:45:46,1:45:50
darkdesire69696969,19/2/2023,Guess the number,1:45:51,1:45:55
darkdesire69696969,19/2/2023,FlyBy,1:45:57,3:48:00
darkdesire69696969,19/2/2023,LNS,3:12:59,3:13:08
darkdesire69696969,19/2/2023,Shafty,3:12:37,3:12:52
darkdesire69696969,19/2/2023,IKeyFlex,10:48:05,10:52:02
darkdesire69696969,19/2/2023,Slither,10:12:13,10:15:14
darkdesire69696969,20/2/2023,Slither,1:45:38,1:45:44
darkdesire69696969,20/2/2023,Slither,1:46:02,1:46:04
darkdesire69696969,20/2/2023,Guess the number,1:45:46,1:45:50
darkdesire69696969,20/2/2023,Guess the number,1:45:51,1:45:55
darkdesire69696969,20/2/2023,FlyBy,1:45:57,1:46:00
darkdesire69696969,20/2/2023,LNS,3:12:59,3:13:08
darkdesire69696969,20/2/2023,Shafty,3:12:37,4:22:52
darkdesire69696969,20/2/2023,IKeyFlex,10:48:05,11:52:02
darkdesire69696969,20/2/2023,Slither,10:12:13,10:15:14
darkdesire69696969,21/2/2023,Slither,1:45:38,1:45:44
darkdesire69696969,21/2/2023,Slither,1:46:02,1:46:04
darkdesire69696969,21/2/2023,Guess the number,1:45:46,1:45:50
darkdesire69696969,21/2/2023,Guess the number,1:45:51,1:45:55
darkdesire69696969,21/2/2023,FlyBy,1:45:57,2:46:00
darkdesire69696969,21/2/2023,LNS,3:12:59,3:13:08
darkdesire69696969,21/2/2023,Shafty,3:12:37,3:22:52
darkdesire69696969,21/2/2023,IKeyFlex,10:48:05,10:52:02
darkdesire69696969,21/2/2023,Slither,10:12:13,10:15:14
darkdesire69696969,22/2/2023,Slither,1:45:38,1:45:44
darkdesire69696969,22/2/2023,Slither,1:46:02,1:46:04
darkdesire69696969,22/2/2023,Guess the number,1:45:46,1:45:50
darkdesire69696969,22/2/2023,Guess the number,1:45:51,1:45:55
darkdesire69696969,22/2/2023,FlyBy,1:45:57,2:36:00
darkdesire69696969,22/2/2023,LNS,3:12:59,3:13:08
darkdesire69696969,22/2/2023,Shafty,3:12:37,3:32:52
darkdesire69696969,22/2/2023,IKeyFlex,10:48:05,10:57:02
darkdesire69696969,22/2/2023,Slither,10:12:13,10:15:14
darkdesire69696969,23/2/2023,Slither,1:45:38,1:45:44
darkdesire69696969,23/2/2023,Slither,1:46:02,1:46:04
darkdesire69696969,23/2/2023,Guess the number,1:45:46,1:45:50
darkdesire69696969,23/2/2023,Guess the number,1:45:51,1:45:55
darkdesire69696969,23/2/2023,FlyBy,1:45:57,2:46:00
darkdesire69696969,23/2/2023,LNS,3:12:59,3:13:08
darkdesire69696969,23/2/2023,Shafty,3:12:37,3:32:52
darkdesire69696969,23/2/2023,IKeyFlex,10:48:05,10:49:00
darkdesire69696969,23/2/2023,Slither,10:12:13,10:25:14
darkdesire69696969,24/2/2023,Slither,1:45:38,1:45:44
darkdesire69696969,24/2/2023,Slither,1:46:02,1:46:04
darkdesire69696969,24/2/2023,Guess the number,1:45:46,1:45:50
darkdesire69696969,24/2/2023,Guess the number,1:45:51,1:45:55
darkdesire69696969,24/2/2023,FlyBy,1:45:57,3:10:00
darkdesire69696969,24/2/2023,LNS,3:12:59,3:13:08
darkdesire69696969,24/2/2023,Shafty,3:12:37,3:12:52
darkdesire69696969,24/2/2023,IKeyFlex,10:48:05,10:52:02
darkdesire69696969,24/2/2023,Slither,10:12:13,10:35:14
darkdesire69696969,25/2/2023,Slither,1:45:38,1:45:44
darkdesire69696969,25/2/2023,Slither,1:46:02,1:46:04
darkdesire69696969,25/2/2023,Guess the number,1:45:46,1:45:50
darkdesire69696969,25/2/2023,Guess the number,1:45:51,1:45:55
darkdesire69696969,25/2/2023,FlyBy,1:45:57,3:36:00
darkdesire69696969,25/2/2023,LNS,3:12:59,3:13:08
darkdesire69696969,25/2/2023,Shafty,3:12:37,3:32:52
darkdesire69696969,25/2/2023,IKeyFlex,10:48:05,10:52:02
darkdesire69696969,25/2/2023,Slither,10:12:13,10:35:14
darkdesire69696969,26/2/2023,Slither,1:45:38,1:45:44
darkdesire69696969,26/2/2023,Slither,1:46:02,1:46:04
darkdesire69696969,26/2/2023,Guess the number,1:45:46,1:45:50
darkdesire69696969,26/2/2023,Guess the number,1:45:51,1:45:55
darkdesire69696969,26/2/2023,FlyBy,1:45:57,2:46:00
darkdesire69696969,26/2/2023,LNS,3:12:59,3:13:08
darkdesire69696969,26/2/2023,Shafty,3:12:37,3:42:52
darkdesire69696969,26/2/2023,IKeyFlex,10:48:05,10:52:02
darkdesire69696969,26/2/2023,Slither,10:12:13,10:26:14
darkdesire69696969,27/2/2023,Slither,1:45:38,1:45:44
darkdesire69696969,27/2/2023,Slither,1:46:02,1:46:04
darkdesire69696969,27/2/2023,Guess the number,1:45:46,1:45:50
darkdesire69696969,27/2/2023,Guess the number,1:45:51,1:45:55
darkdesire69696969,27/2/2023,FlyBy,1:45:57,2:40:00
darkdesire69696969,27/2/2023,LNS,3:12:59,3:13:08
darkdesire69696969,27/2/2023,Shafty,3:12:37,3:39:52
darkdesire69696969,27/2/2023,IKeyFlex,10:48:05,10:52:02
darkdesire69696969,27/2/2023,Slither,10:12:13,10:34:14
darkdesire69696969,28/2/2023,Slither,1:45:38,1:45:44
darkdesire69696969,28/2/2023,Slither,1:46:02,1:46:04
darkdesire69696969,28/2/2023,Guess the number,1:45:46,1:45:50
darkdesire69696969,28/2/2023,Guess the number,1:45:51,1:45:55
darkdesire69696969,28/2/2023,FlyBy,1:45:57,3:06:00
darkdesire69696969,28/2/2023,LNS,3:12:59,3:13:08
darkdesire69696969,28/2/2023,Shafty,3:12:37,3:29:52
darkdesire69696969,28/2/2023,IKeyFlex,10:48:05,10:52:02
darkdesire69696969,28/2/2023,Slither,10:12:13,10:25:14
darkdesire69696969,1/3/2023,Slither,1:45:38,1:45:44
darkdesire69696969,1/3/2023,Slither,1:46:02,1:46:04
darkdesire69696969,1/3/2023,Guess the number,1:45:46,1:45:50
darkdesire69696969,1/3/2023,Guess the number,1:45:51,1:45:55
darkdesire69696969,1/3/2023,FlyBy,1:45:57,2:40:00
darkdesire69696969,1/3/2023,LNS,3:12:59,3:13:08
darkdesire69696969,1/3/2023,Shafty,3:12:37,3:42:52
darkdesire69696969,1/3/2023,IKeyFlex,10:48:05,10:52:02
darkdesire69696969,1/3/2023,Slither,10:12:13,11:15:14
darkdesire69696969,2/3/2023,Slither,1:45:38,1:45:44
darkdesire69696969,2/3/2023,Slither,1:46:02,1:46:04
darkdesire69696969,2/3/2023,Guess the number,1:45:46,1:45:50
darkdesire69696969,2/3/2023,Guess the number,1:45:51,1:45:55
darkdesire69696969,2/3/2023,FlyBy,1:45:57,2:46:00
darkdesire69696969,2/3/2023,LNS,3:12:59,3:13:08
darkdesire69696969,2/3/2023,Shafty,3:12:37,4:12:52
darkdesire69696969,2/3/2023,IKeyFlex,10:48:05,10:52:02
darkdesire69696969,2/3/2023,Slither,10:12:13,11:17:14
darkdesire69696969,3/3/2023,Slither,1:45:38,1:45:44
darkdesire69696969,3/3/2023,Slither,1:46:02,1:46:04
darkdesire69696969,3/3/2023,Guess the number,1:45:46,1:45:50
darkdesire69696969,3/3/2023,Guess the number,1:45:51,1:45:55
darkdesire69696969,3/3/2023,FlyBy,1:45:57,3:10:00
darkdesire69696969,3/3/2023,LNS,3:12:59,3:13:08
darkdesire69696969,3/3/2023,Shafty,3:12:37,3:37:52
darkdesire69696969,3/3/2023,IKeyFlex,10:48:05,10:52:02
darkdesire69696969,3/3/2023,Slither,10:12:13,11:15:14
darkdesire69696969,4/3/2023,Slither,1:45:38,1:45:44
darkdesire69696969,4/3/2023,Slither,1:46:02,1:46:04
darkdesire69696969,4/3/2023,Guess the number,1:45:46,1:45:50
darkdesire69696969,4/3/2023,Guess the number,1:45:51,1:45:55
darkdesire69696969,4/3/2023,FlyBy,1:45:57,2:42:00
darkdesire69696969,4/3/2023,LNS,3:12:59,3:13:08
darkdesire69696969,4/3/2023,Shafty,3:12:37,4:02:52
darkdesire69696969,4/3/2023,IKeyFlex,10:48:05,10:52:02
darkdesire69696969,4/3/2023,Slither,10:12:13,11:35:14
darkdesire69696969,5/3/2023,Slither,1:45:38,1:45:44
darkdesire69696969,5/3/2023,Slither,1:46:02,1:46:04
darkdesire69696969,5/3/2023,Guess the number,1:45:46,1:45:50
darkdesire69696969,5/3/2023,Guess the number,1:45:51,1:45:55
darkdesire69696969,5/3/2023,FlyBy,1:45:57,3:11:00
darkdesire69696969,5/3/2023,LNS,3:12:59,3:13:08
darkdesire69696969,5/3/2023,Shafty,3:12:37,4:22:52
darkdesire69696969,5/3/2023,IKeyFlex,10:48:05,10:52:02
darkdesire69696969,5/3/2023,Slither,10:12:13,10:55:14
darkdesire69696969,6/3/2023,Slither,1:45:38,1:45:44
darkdesire69696969,6/3/2023,Slither,1:46:02,1:46:04
darkdesire69696969,6/3/2023,Guess the number,1:45:46,1:45:50
darkdesire69696969,6/3/2023,Guess the number,1:45:51,1:45:55
darkdesire69696969,6/3/2023,FlyBy,1:45:57,2:40:00
darkdesire69696969,6/3/2023,LNS,3:12:59,3:13:08
darkdesire69696969,6/3/2023,Shafty,3:12:37,3:42:52
darkdesire69696969,6/3/2023,IKeyFlex,10:48:05,10:52:02
darkdesire69696969,6/3/2023,Slither,10:12:13,11:55:14
darkdesire69696969,7/3/2023,Slither,1:45:38,1:45:44
darkdesire69696969,7/3/2023,Slither,1:46:02,1:46:04
darkdesire69696969,7/3/2023,Guess the number,1:45:46,1:45:50
darkdesire69696969,7/3/2023,Guess the number,1:45:51,1:45:55
darkdesire69696969,7/3/2023,FlyBy,1:45:57,2:36:00
darkdesire69696969,7/3/2023,LNS,3:12:59,3:13:08
darkdesire69696969,7/3/2023,Shafty,3:12:37,4:12:52
darkdesire69696969,7/3/2023,IKeyFlex,10:48:05,10:52:02
darkdesire69696969,7/3/2023,Slither,10:12:13,11:15:14
darkdesire69696969,8/3/2023,Slither,1:45:38,1:45:44
darkdesire69696969,8/3/2023,Slither,1:46:02,1:46:04
darkdesire69696969,8/3/2023,Guess the number,1:45:46,1:45:50
darkdesire69696969,8/3/2023,Guess the number,1:45:51,1:45:55
darkdesire69696969,8/3/2023,FlyBy,1:45:57,3:06:00
darkdesire69696969,8/3/2023,LNS,3:12:59,3:13:08
darkdesire69696969,8/3/2023,Shafty,3:12:37,4:19:52
darkdesire69696969,8/3/2023,IKeyFlex,10:48:05,10:52:02
darkdesire69696969,8/3/2023,Slither,10:12:13,11:15:14
darkdesire69696969,9/3/2023,Slither,1:45:38,1:45:44
darkdesire69696969,9/3/2023,Slither,1:46:02,1:46:04
darkdesire69696969,9/3/2023,Guess the number,1:45:46,1:45:50
darkdesire69696969,9/3/2023,Guess the number,1:45:51,1:45:55
darkdesire69696969,9/3/2023,FlyBy,1:45:57,2:46:00
darkdesire69696969,9/3/2023,LNS,3:12:59,3:13:08
darkdesire69696969,9/3/2023,Shafty,3:12:37,4:32:52
darkdesire69696969,9/3/2023,IKeyFlex,10:48:05,10:52:02
darkdesire69696969,9/3/2023,Slither,10:12:13,11:35:14
darkdesire69696969,10/3/2023,Slither,1:45:38,1:45:44
darkdesire69696969,10/3/2023,Slither,1:46:02,1:46:04
darkdesire69696969,10/3/2023,Guess the number,1:45:46,1:45:50
darkdesire69696969,10/3/2023,Guess the number,1:45:51,1:45:55
darkdesire69696969,10/3/2023,FlyBy,1:45:57,3:04:00
darkdesire69696969,10/3/2023,LNS,3:12:59,3:13:08
darkdesire69696969,10/3/2023,Shafty,3:12:37,4:52:52
darkdesire69696969,10/3/2023,IKeyFlex,10:48:05,10:52:02
darkdesire69696969,10/3/2023,Slither,10:12:13,11:25:14
darkdesire69696969,11/3/2023,Slither,1:45:38,1:45:44
darkdesire69696969,11/3/2023,Slither,1:46:02,1:46:04
darkdesire69696969,11/3/2023,Guess the number,1:45:46,1:45:50
darkdesire69696969,11/3/2023,Guess the number,1:45:51,1:45:55
darkdesire69696969,11/3/2023,FlyBy,1:45:57,2:49:00
darkdesire69696969,11/3/2023,LNS,3:12:59,3:13:08
darkdesire69696969,11/3/2023,Shafty,3:12:37,4:42:52
darkdesire69696969,11/3/2023,IKeyFlex,10:48:05,10:52:02
darkdesire69696969,11/3/2023,Slither,10:12:13,11:45:14
darkdesire69696969,12/3/2023,Slither,1:45:38,1:45:44
darkdesire69696969,12/3/2023,Slither,1:46:02,1:46:04
darkdesire69696969,12/3/2023,Guess the number,1:45:46,1:45:50
darkdesire69696969,12/3/2023,Guess the number,1:45:51,1:45:55
darkdesire69696969,12/3/2023,FlyBy,1:45:57,3:11:00
darkdesire69696969,12/3/2023,LNS,3:12:59,3:13:08
darkdesire69696969,12/3/2023,Shafty,3:12:37,4:52:52
darkdesire69696969,12/3/2023,IKeyFlex,10:48:05,10:52:02
darkdesire69696969,12/3/2023,Slither,10:12:13,11:55:14
darkdesire69696969,13/3/2023,Slither,1:45:38,1:45:44
darkdesire69696969,13/3/2023,Slither,1:46:02,1:46:04
darkdesire69696969,13/3/2023,Guess the number,1:45:46,1:45:50
darkdesire69696969,13/3/2023,Guess the number,1:45:51,1:45:55
darkdesire69696969,13/3/2023,FlyBy,1:45:57,3:11:00
darkdesire69696969,13/3/2023,LNS,3:12:59,3:13:08
darkdesire69696969,13/3/2023,Shafty,3:12:37,4:58:52
darkdesire69696969,13/3/2023,IKeyFlex,10:48:05,10:52:02
darkdesire69696969,13/3/2023,Slither,10:12:13,11:59:14
